<?xml version="1.0" encoding="UTF-8"?>
<project-private xmlns="http://www.netbeans.org/ns/project-private/1">
    <editor-bookmarks xmlns="http://www.netbeans.org/ns/editor-bookmarks/2" lastBookmarkId="0"/>
    <open-files xmlns="http://www.netbeans.org/ns/projectui-open-files/2">
        <group>
            <file>file:/C:/Users/arthi/Documents/NetBeansProjects/prep_placement/src/prep_placement/searchStudent.java</file>
            <file>file:/C:/Users/arthi/Documents/NetBeansProjects/prep_placement/src/prep_placement/addCompany.java</file>
            <file>file:/C:/Users/arthi/Documents/NetBeansProjects/prep_placement/src/prep_placement/deleteCompany.java</file>
            <file>file:/C:/Users/arthi/Documents/NetBeansProjects/prep_placement/src/prep_placement/addStudent.java</file>
            <file>file:/C:/Users/arthi/Documents/NetBeansProjects/prep_placement/src/prep_placement/deleteStudent.java</file>
            <file>file:/C:/Users/arthi/Documents/NetBeansProjects/prep_placement/src/prep_placement/MainScreen.java</file>
            <file>file:/C:/Users/arthi/Documents/NetBeansProjects/prep_placement/src/prep_placement/modifyCompany.java</file>
            <file>file:/C:/Users/arthi/Documents/NetBeansProjects/prep_placement/src/prep_placement/conductExam.java</file>
            <file>file:/C:/Users/arthi/Documents/NetBeansProjects/prep_placement/src/prep_placement/addQuestion.java</file>
            <file>file:/C:/Users/arthi/Documents/NetBeansProjects/prep_placement/src/prep_placement/showStudent.java</file>
            <file>file:/C:/Users/arthi/Documents/NetBeansProjects/prep_placement/src/prep_placement/Prep_placement.java</file>
            <file>file:/C:/Users/arthi/Documents/NetBeansProjects/prep_placement/src/prep_placement/Login.java</file>
            <file>file:/C:/Users/arthi/Documents/NetBeansProjects/prep_placement/src/prep_placement/showCompany.java</file>
        </group>
    </open-files>
</project-private>
